Name,Category,Price
Цукини с брынзой ,Закуски и салаты,790
Боул с миксом зелёных салатов,Гарниры,550
Оливье с перепёлкой,Закуски и салаты,950
Оливье с крабом,Закуски и салаты,1100
Ростбиф из пиканьи,Закуски и салаты,950
"Цукини, яблоки и творог с зеленью ",Закуски и салаты,790
Бессарабский крем-суп из тыквы,Супы,690
Телячьи щёчки с лисичками ,Горячие блюда,1200
Лесной сбор ,Селекционные чаи,720
Латте матча и манго,Кофе,610
Банан в шоколаде,Детское меню,480
Аррос кон Пинья,Чай без чая,720
Каша из злаков с яйцом пашот ,Утро в «Кофемании»,690
Пшённая каша с тыквой,Утро в «Кофемании»,550
"Авокадо, творог с зеленью ",Утро в «Кофемании»,690
Каламарата с аргентинскими креветками,Паста ,1300
Томатное ризотто ,Паста ,970
Рамп стейк,Горячие блюда,1300
Бора-Бора,Закуски и салаты,970
Шведский тост с лососем,Закуски и салаты,930
Цезарь с глазуньей,Закуски и салаты,950
Курица с рисом и зелёным карри,Горячие блюда,1100
Йогурт «Кофемания»,Десерты и йогурт ,590
Бефстроганов с картофельным пюре,Горячие блюда,1300
Жареный рис с морепродуктами,Горячие блюда,990
Борщ ,Супы,730
Мухаммара ,Закуски и салаты,770
Салат с крабом и авокадо ,Закуски и салаты,1300
Буррата ,Закуски и салаты,1500
Хумус с запечённым томатом,Закуски и салаты,850
Баклажан со страчателлой ,Закуски и салаты,950
Весенний салат,Закуски и салаты,790
Греко салат,Закуски и салаты,970
Салат из сочных бакинских томатов,Закуски и салаты,890
Большой зелёный салат,Закуски и салаты,990
Тартар из говядины,Закуски и салаты,1300
Грибной суп,Супы,750
Домашняя лапша,Супы,750
Цыплёнок с молодым картофелем,Горячие блюда,1300
Большая котлета из говядины,Горячие блюда,1100
Шницель по-милански,Горячие блюда,1500
Котлета по-киевски,Горячие блюда,1500
Домашние котлетки из индейки,Горячие блюда,950
Пожарская котлета,Горячие блюда,1100
Лосось на гриле,Горячие блюда,1300
Лосось на пару,Горячие блюда,1300
Гречневая лапша  с креветками,Горячие блюда,990
Гречневая лапша с телятиной,Горячие блюда,890
Лосось терияки на гриле с брокколи,Горячие блюда,1700
Рыбная котлета ,Горячие блюда,990
Поке с лососем,Горячие блюда,1100
Тортилья-ролл с курицей,Горячие блюда,830
Кесадилья с курицей,Горячие блюда,890
Печень индейки,Горячие блюда,890
Пельмени,Паста ,850
Пельмени в бульоне,Паста ,850
Вареники с вишней,Паста ,830
Карбонара,Паста ,950
Ньокки с лисичками,Паста ,1100
Овощи на гриле,Гарниры,590
Японский рис,Гарниры,450
Гречка с луком,Гарниры,390
Шпинат,Гарниры,550
Брокколи на гриле,Гарниры,550
Киноа ,Гарниры,550
Дикий рис,Гарниры,610
Картофель фри 150г,Гарниры,470
Картофель по-деревенски,Гарниры,470
Картофель фри с пармезаном ,Гарниры,590
Картофель фри с трюфелем,Гарниры,590
Картофельное пюре,Гарниры,470
Кофе и лимон,Десерты и йогурт ,590
Мёд и имбирь,Десерты и йогурт ,590
Фико,Десерты и йогурт ,750
Бони Марони,Десерты и йогурт ,650
Дос Потатос,Десерты и йогурт ,590
Сахха,Десерты и йогурт ,610
Шайла ,Десерты и йогурт ,670
Эклер ванильный,Десерты и йогурт ,470
Рейк,Десерты и йогурт ,750
Сметанник,Десерты и йогурт ,670
Воздушная запеканка,Десерты и йогурт ,850
Панна Котта,Десерты и йогурт ,710
Кокосовая Панна Котта,Десерты и йогурт ,690
Французский торт,Десерты и йогурт ,610
Шато,Десерты и йогурт ,610
Груша и солёная карамель,Десерты и йогурт ,590
Фирма,Десерты и йогурт ,610
Глория,Детское меню,590
Оникс,Десерты и йогурт ,610
Кето-чизкейк,Десерты и йогурт ,630
Зайка,Детское меню,470
Торт Сметанник ,Десерты и йогурт ,6700
Торт Рейк ,Десерты и йогурт ,8250
Ванильное мороженое,Десерты и йогурт ,200
Котлеты для бургеров из ягнёнка. 4 штуки,Кулинария,1600
Котлеты для бургеров из ягнёнка. 6 штук,Кулинария,2200
Котлеты для бургеров из говядины. 4 штуки,Кулинария,1800
Котлеты для бургеров из говядины. 6 штук,Кулинария,2600
Колбаски из индейки 480г,Кулинария,890
Домашние котлетки из индейки 600г,Кулинария,1700
Маринованная курица 680г,Кулинария,1300
Цыплёнок 750г,Кулинария,1600
Лосось 480г,Кулинария,2500
Креветки очищенные 500 грамм,Кулинария,1900
Креветки очищенные 1кг,Кулинария,3600
Паста Тальолини  500г,Кулинария,1100
Вареники с вишней 1кг,Кулинария,1500
Пельмени 1кг,Кулинария,1800
Мини-пельмени с говядиной и курицей 1кг,Кулинария,1900
Сырники. 6 штук,Кулинария,990
Сырники. 12 штук,Кулинария,1800
Молоко ,Кулинария,300
Хумус,Кулинария,850
Лосось домашнего посола,Кулинария,1400
Ветчина,Кулинария,490
Бородинский хлеб ,Кулинария,450
Бородинский хлеб (половина),Кулинария,330
Пшеничный хлеб Перле (половина),Кулинария,550
Пшеничный хлеб Перле (четверть),Кулинария,350
Чёрный хлеб с семечками (половина),Кулинария,570
Фильтр-кофе Эфиопия Бомбе,Кофе,490
Американо доппио ,Кофе,450
Капучино,Кофе,410
Капучино гранде,Кофе,590
Капучино крим 200мл,Кофе,410
Капучино крим 350мл,Кофе,590
Флэт уайт,Кофе,590
Латте 300мл,Кофе,590
Латте 400мл,Кофе,610
Латте матча ,Кофе,610
Латте куркума,Кофе,610
Латте халва,Кофе,590
Латте киндер,Кофе,570
Латте Сингапур,Кофе,570
Латте Сингапур 400мл,Кофе,610
Раф The Original,Кофе,590
Раф апельсиновый,Кофе,590
Раф Moss,Кофе,610
Раф молочный,Кофе,590
Раф цикорий,Кофе,590
Раф мандарин ,Кофе,610
Раф миндаль,Кофе,590
Какао,Кофе,620
Какао,Кофе,660
Фильтр-кофе Эфиопия Димту,Кофе,490
Эспрессо доппио,Кофе,410
Чуань люй ча,Селекционные чаи,720
Пропечённый Те гуаньинь,Селекционные чаи,650
Шу пуэр,Селекционные чаи,720
Ассам Халмари,Селекционные чаи,720
Дарджилинг маскатель,Селекционные чаи,720
Чёрный чай с горными травами,Селекционные чаи,720
Эрл грей,Селекционные чаи,720
Те гуаньинь,Селекционные чаи,750
Чай чёрный с чабрецом ,Селекционные чаи,720
Жасмин,Селекционные чаи,720
Ромашковый чай,Селекционные чаи,720
Травяной сбор,Селекционные чаи,720
Гречишный ,Селекционные чаи,720
Мятный чай,Чай без чая,620
Малиновый чай,Чай без чая,770
Облепиховый,Чай без чая,720
Имбирный,Чай без чая,740
Чай манго и маракуйя,Чай без чая,770
Шиповник 260мл,Чай без чая,590
Сбитень,Чай без чая,690
Шиповник 500мл,Чай без чая,690
Груша и рукола ,Лимонады и смузи,680
Яблоко и лайм 350мл,Лимонады и смузи,590
Яблоко и лайм 460мл,Лимонады и смузи,690
Манго и маракуйя 350мл,Лимонады и смузи,690
Манго и маракуйя 460мл,Лимонады и смузи,730
Манго и маракуйя в банке,Лимонады и смузи,480
Ла нинья 350мл,Лимонады и смузи,690
Фреш грин 350мл,Свежевыжатые миксы и соки,590
Фреш грин 460мл,Свежевыжатые миксы и соки,690
Томатный сок,Свежевыжатые миксы и соки,530
Томат и кинза,Свежевыжатые миксы и соки,740
Оранж микс,Свежевыжатые миксы и соки,740
Яблочный свежевыжатый сок,Свежевыжатые миксы и соки,430
Апельсиновый свежевыжатый сок,Свежевыжатые миксы и соки,430
Грейпфрутовый свежевыжатый сок,Свежевыжатые миксы и соки,430
Морковный свежевыжатый сок,Свежевыжатые миксы и соки,430
Сельдереевый свежевыжатый сок ,Свежевыжатые миксы и соки,430
Зелёный микс,Свежевыжатые миксы и соки,740
Клёпа,Детское меню,650
Котлетки «По щучьему велению»,Детское меню,330
Детские котлетки из индейки,Детское меню,370
Детская пожарская котлета,Детское меню,510
Детский куриный суп,Детское меню,450
Куриные наггетсы-эскимо,Детское меню,450
Детские колбаски,Детское меню,470
Мини-пельмени,Детское меню,550
Мини-пельмени в бульоне,Детское меню,550
Паста ракушки по–флотски,Детское меню,470
Детское картофельное пюре,Детское меню,330
Детский картофель по-деревенски,Детское меню,330
Детский картофель фри ,Детское меню,330
Паста «ракушки»,Детское меню,330
Детские блинчики,Детское меню,370
Детские сырники ,Детское меню,450
Какао,Детское меню,420
Морозко,Детское меню,420
Ванильное облако,Детское меню,350
Детский лимонад,Детское меню,410
Тальолини,Детское меню,330
Спагетти,Детское меню,330
Кофе в зерне Эспрессо,Кофе в зёрнах и капсулах,1800
Кофе в зерне Эспрессо,Кофе в зёрнах и капсулах,5200
Кофе в зерне Эфиопия Димту,Кофе в зёрнах и капсулах,1800
Кофе в зерне Эфиопия Бомбе ,Кофе в зёрнах и капсулах,1800
Кофе в зерне Никарагуа Пакамара ,Кофе в зёрнах и капсулах,1800
Кофе в капсулах ,Кофе в зёрнах и капсулах,840
Дрип-кофе,Кофе в зёрнах и капсулах,960
Страчателла с земляникой,Утро в «Кофемании»,790
Ленивые вареники ,Утро в «Кофемании»,850
Аво-тост,Утро в «Кофемании»,970
Bанильные сырники,Утро в «Кофемании»,650
Яичница,Утро в «Кофемании»,410
Яичница с лисичками,Утро в «Кофемании»,870
Омлет Rose,Утро в «Кофемании»,410
Круассан с миндалём,Утро в «Кофемании»,390
Колбаски из индейки,Утро в «Кофемании»,630
Яйцо Бенедикт с ветчиной из говядины,Утро в «Кофемании»,850
Яйцо Бенедикт с лососем,Утро в «Кофемании»,970
Тост с красной икрой,Утро в «Кофемании»,790
Блин классический с маслом ,Утро в «Кофемании»,370
Блин с лососем и крем-сыром,Утро в «Кофемании»,870
Блин с красной икрой и крем-сыром,Утро в «Кофемании»,870
Блин с фаршем из говядины и индейки,Утро в «Кофемании»,690
Лосось с драниками,Утро в «Кофемании»,1100
Круассан,Утро в «Кофемании»,250
Круассан с ветчиной из говядины,Утро в «Кофемании»,650
Круассан с лососем,Утро в «Кофемании»,750
Ленивые вареники с творогом,Утро в «Кофемании»,650
Овсяная каша,Утро в «Кофемании»,490
Пшённая каша  ,Утро в «Кофемании»,490
Рисовая каша,Утро в «Кофемании»,490
